""	"Term"	"Overlap"	"P.value"	"Adjusted.P.value"	"Old.P.value"	"Old.Adjusted.P.value"	"Odds.Ratio"	"Combined.Score"	"Genes"
"1"	"tRNA modification (GO:0006400)"	"14 of 58"	1.32973240084523e-06	0.00216846667424397	0	0	5.78882666899991	78.3259093403995	"TYW5;THUMPD2;TRMT1;THADA;OSGEP;TRIT1;GTPBP3;ADAT2;QTRT1;TRMT112;CTU2;CDK5RAP1;PUSL1;TRMT61A"
"2"	"protein neddylation (GO:0045116)"	"7 of 13"	1.42615368250179e-06	0.00216846667424397	0	0	21.1260356915233	284.367626010839	"DCUN1D5;DCUN1D3;DCUN1D4;UBA3;DCUN1D2;NEDD8;NAE1"
"3"	"mRNA processing (GO:0006397)"	"33 of 283"	1.62755688434416e-05	0.0154028409457594	0	0	2.41961176470588	26.678265290437	"EIF4A3;WBP4;PPWD1;CCAR1;UBL5;SNRPD2;PABPN1;MAGOH;ZMAT5;DHX15;POLR2G;POLR2H;ZRSR2;CPSF4;RBM17;SNRPN;BUD31;THOC5;LSM5;GTF2F2;U2SURP;KIN;GCFC2;LSM8;SARNP;ERCC2;PPIE;PRPF31;PPIH;SNRPA1;DNAJC8;MNAT1;SNRPA"
"4"	"mRNA splicing, via spliceosome (GO:0000398)"	"31 of 261"	2.02602314314494e-05	0.0154028409457594	0	0	2.46842082872458	26.6758552031547	"TXNL4B;EIF4A3;WBP4;PPWD1;CCAR1;UBL5;SNRPD2;PABPN1;MAGOH;ZMAT5;DHX15;POLR2G;SMN1;POLR2H;ZRSR2;CPSF4;RBM17;SNRPN;BUD31;LSM5;GTF2F2;U2SURP;GCFC2;LSM8;PPIE;PRPF31;PPIH;SNRPA1;DNAJC8;GEMIN8;SNRPA"
"3713"	"spliceosomal snRNP complex (GO:0097525)"	"12 of 59"	4.79726893394198e-05	0.0096280627124186	0	0	4.6354773437979	46.0992598129551	"LSM8;PRPF39;TXNL4B;SNRPN;SNRPD2;LUC7L;PPIH;SNRPA1;PRPF31;LSM5;DCAF4;SNRPA"
"5"	"RNA splicing, via transesterification reactions with bulged adenosine as nucleophile (GO:0000377)"	"28 of 236"	5.10953774359943e-05	0.0310762085565717	0	0	2.46103189493433	24.3194656503299	"EIF4A3;WBP4;PPWD1;CCAR1;UBL5;SNRPD2;PABPN1;MAGOH;ZMAT5;DHX15;POLR2G;POLR2H;ZRSR2;CPSF4;RBM17;SNRPN;BUD31;LSM5;GTF2F2;U2SURP;GCFC2;LSM8;PPIE;PRPF31;PPIH;SNRPA1;DNAJC8;SNRPA"
"3714"	"mitochondrion (GO:0005739)"	"83 of 1026"	6.13252402064879e-05	0.0096280627124186	0	0	1.63366750117524	15.8454623169608	"MIPEP;IFI27L1;MTCH1;TRMU;PANK2;LRRK2;MPV17L;MCUB;MTFR1L;HSCB;TAZ;HEBP2;MTRF1;TMEM223;CHCHD2;ABHD11;ACP6;CASP4;CDK5RAP1;PMPCB;PMPCA;MPV17;CHCHD1;ACAD8;HEMK1;ACOT9;TSFM;MRPS25;C14ORF119;CMC1;TRNT1;BCS1L;ATAD3B;REXO2;TNFRSF1A;GTPBP3;NIPSNAP2;SCO1;PACS2;CARD19;NDUFS5;SDHAF1;MTHFD2L;TMEM126A;DNLZ;TMEM126B;BCAT1;MRRF;PLIN5;COX19;DLST;AK3;MALSU1;NOL3;ACACB;UQCRH;NAPG;PTS;MRPL20;SLC25A26;SLC25A29;ROMO1;TSPOAP1;ARGLU1;DNAJC19;PTCD3;FIS1;PTCD1;COA1;BNIP3;MTERF4;TIMM44;TRMT1;TTC19;CRLS1;TRIT1;MRPL22;ARMC10;NDUFAF6;CAPN10;NDUFAF5;CAPRIN2;SSBP1"
"3042"	"RNA binding (GO:0003723)"	"106 of 1387"	6.14165205644374e-05	0.030711694397019	0	0	1.54363629918878	14.9699250269535	"RPL32;KDM1A;EIF4A3;DCAF4;RRP8;UBE2L3;CCAR1;LSM10;ENDOV;RPS17;SNRPD2;MAGOH;LUC7L;ZNF326;CHCHD1;NOM1;PCID2;SNRPN;TYW5;RPL21;RPS7;FNDC3B;ALG13;RPSA;DICER1;TRNT1;THOC5;SARNP;PPIE;EIF1B;SNRPA;MACF1;NOP2;C1ORF52;MRPL20;EMG1;ZMAT1;PCBP4;ZMAT3;CPSF4;PPAN-P2RY11;COA1;ZRANB2;MTERF4;RDX;LSM1;MSN;UPF3A;LSM5;MRPL22;CCT6A;LSM8;TRIP6;SPATS2L;RBM28;PIWIL4;DDX47;HMGB1;MRPL32;ZC3H7A;DHX15;WDR6;BUD23;LBR;PELP1;RBM6;TSFM;UTP11;NSUN5;PRMT1;PABPC4;MRPS21;TRNAU1AP;PTBP2;KIN;TUT1;PTRH1;RP9;SNRPA1;RBMS2;DDX24;NOL3;PABPN1;EXOSC8;RPL14;CTNNA1;POLR2G;PTCD3;DYNC1H1;UTP6;PTCD1;SAMD4B;TRMT1;TPD52L2;APTX;BICC1;U2SURP;CMSS1;PRKRA;ZYX;RBM42;ZNF579;PRPF31;VIM;SSBP1;NUPL2"
"3043"	"ubiquitin conjugating enzyme binding (GO:0031624)"	"8 of 29"	9.15400727183875e-05	0.030711694397019	0	0	6.89943039416724	64.1559661126453	"ZMYM2;DCUN1D5;DCUN1D3;RNF19A;DCUN1D4;RNF217;ARIH2;DCUN1D2"
"6"	"RNA splicing (GO:0008380)"	"16 of 106"	0.000131652279249275	0.0616067598478081	0	0	3.23274402657238	28.8856875681441	"ZRSR2;SNRPN;DDX47;EIF4A3;MTERF4;LSM1;USB1;NOL3;DCAF4;SNRPD2;RRAGC;MAGOH;ZMAT5;DHX15;SNRPA1;RP9"
"7"	"rRNA base methylation (GO:0070475)"	"5 of 11"	0.000141811022339578	0.0616067598478081	0	0	15.061227735369	133.457768124148	"TRMT112;EMG1;NSUN5;NOP2;BUD23"
"3044"	"oxidoreductase activity, acting on the CH-CH group of donors, NAD or NADP as acceptor (GO:0016628)"	"6 of 17"	0.000157316545523738	0.0351864673488093	0	0	9.86506902839281	86.3908813613235	"BDH2;AKR1C1;DPYD;DECR2;LBR;BLVRA"
"8"	"RNA processing (GO:0006396)"	"23 of 193"	0.000216845212765016	0.0824282865023016	0	0	2.46642490005711	20.8075663961853	"ZRSR2;SNRPN;DDX47;PABPC4;EIF4A3;MTERF4;LSM1;USB1;DICER1;NOL3;LSM5;DCAF4;KIN;SNRPD2;RRAGC;PABPN1;MAGOH;ZMAT5;DHX15;SNRPA1;RP9;RBMS2;RBM6"
"3715"	"U4/U6 x U5 tri-snRNP complex (GO:0046540)"	"7 of 25"	0.000228827117173135	0.0198310577592712	0	0	7.03755045676652	58.9925748526203	"LSM8;TXNL4B;SNRPN;SNRPD2;PRPF31;PPIH;LSM5"
"3716"	"lytic vacuole membrane (GO:0098852)"	"26 of 233"	0.00025262493960855	0.0198310577592712	0	0	2.29193420167553	18.9854767447063	"SCARB2;PLEKHF1;RNF13;NPRL2;WDR41;TCIRG1;ABCC10;NAPG;TMEM165;CLN5;TLDC1;ATP6V1H;SLC26A11;ATP6V1D;STARD3;STARD3NL;STK11IP;MYO7A;ATP11A;MFSD12;GDAP2;CLCN7;CLCN6;GNB4;LAMTOR2;DAGLB"
"9"	"tRNA processing (GO:0008033)"	"11 of 62"	0.000350790771774559	0.118528304107382	0	0	3.91133190320274	31.1158992787961	"QTRT1;POP5;CTU2;CPSF4;PTCD1;TYW5;TRMT1;TRNT1;TRMT61A;TRIT1;ADAT2"
"3045"	"ubiquitin-like protein conjugating enzyme binding (GO:0044390)"	"8 of 35"	0.00037892521916171	0.0635647055143768	0	0	5.364522417154	42.2626286010853	"ZMYM2;DCUN1D5;DCUN1D3;RNF19A;DCUN1D4;RNF217;ARIH2;DCUN1D2"
"3717"	"perinuclear endoplasmic reticulum (GO:0097038)"	"4 of 8"	0.000450874624819934	0.0283149264386919	0	0	18.0581506196378	139.125793570041	"BCAP31;OSBPL7;OSBPL3;CAPN2"
"10"	"mitochondrial translation (GO:0032543)"	"15 of 107"	0.000479326029579707	0.124367945130962	0	0	2.96164237245539	22.6362163209591	"MRPS17;PTCD3;TSFM;MRPS25;MTERF4;MRPS21;MRPS6;MRPL32;MRPL22;MRPL33;MRPL55;MRPL20;MTRF1;CHCHD1;MRRF"
"11"	"translational termination (GO:0006415)"	"14 of 96"	0.000487356773710185	0.124367945130962	0	0	3.09995539801404	23.6418535777786	"MRPS17;PTCD3;MRPS25;MRPS21;MRPS6;MRPL32;MRPL33;MRPL55;MRPL22;TRMT112;MRPL20;MTRF1;CHCHD1;MRRF"
"12"	"positive regulation of fibroblast proliferation (GO:0048146)"	"7 of 28"	0.000490764663456606	0.124367945130962	0	0	6.03123008285532	45.9552341214769	"PDGFRA;CDK6;SPHK1;PDGFC;S100A6;PDGFA;IGF1"
"13"	"regulation of G1/S transition of mitotic cell cycle (GO:2000045)"	"9 of 46"	0.000567652511451279	0.132787022101795	0	0	4.40587138863001	32.9294876141911	"LSM10;CCND2;DCUN1D3;RDX;JADE1;PSME2;ZNF655;PKD2;TMEM14B"
"14"	"mitochondrial translational termination (GO:0070126)"	"13 of 89"	0.00075375693148626	0.153295792433597	0	0	3.10378289473684	22.317566583241	"MRPS17;PTCD3;MRPS25;MRPS21;MRPS6;MRPL32;MRPL33;MRPL55;MRPL22;MRPL20;MTRF1;CHCHD1;MRRF"
"15"	"C21-steroid hormone metabolic process (GO:0008207)"	"6 of 22"	0.000756144980764209	0.153295792433597	0	0	6.7804441260745	48.7329330101548	"STARD3;STARD3NL;AKR1C1;FDX2;AKR1B1;TSPOAP1"
"3718"	"lysosomal membrane (GO:0005765)"	"29 of 291"	0.000761460948148091	0.0398497896197501	0	0	2.01971388955153	14.5020944221346	"SCARB2;PLEKHF1;RNF13;NPRL2;WDR41;TCIRG1;ABCC10;NAPG;TMEM165;CLN5;RAP1B;CPNE1;TLDC1;ATP6V1H;SLC26A11;ATP6V1D;STARD3;STARD3NL;STK11IP;MYO7A;ATP11A;MFSD12;GDAP2;CLCN7;CLCN6;VNN1;GNB4;LAMTOR2;DAGLB"
"16"	"RNA methylation (GO:0001510)"	"9 of 49"	0.000918927013176943	0.174653565441943	0	0	4.07478448275862	28.4921312617228	"TRMT112;NSUN5;NOP2;MTERF4;THUMPD2;BUD23;THADA;TRMT61A;GTPBP3"
"3719"	"spliceosomal tri-snRNP complex (GO:0097526)"	"7 of 31"	0.000949349008801037	0.0404150923271955	0	0	5.27648980242193	36.7229658065404	"LSM8;TXNL4B;SNRPN;SNRPD2;PRPF31;PPIH;LSM5"
"17"	"rRNA methylation (GO:0031167)"	"6 of 23"	0.000977840205676333	0.174918356791866	0	0	6.38125737400978	44.2231619796692	"TRMT112;EMG1;NSUN5;MTERF4;NOP2;BUD23"
"3720"	"U2-type spliceosomal complex (GO:0005684)"	"10 of 60"	0.00107056438026189	0.0404150923271955	0	0	3.62358581016299	24.7837663043313	"GCFC2;PRPF39;SNRPN;SNRPD2;BUD31;DHX15;LUC7L;PPIE;SNRPA1;PRPF31"
"18"	"C21-steroid hormone biosynthetic process (GO:0006700)"	"5 of 16"	0.00107501695901322	0.181618142908844	0	0	8.21304649548924	56.1396127630311	"STARD3;STARD3NL;FDX2;AKR1B1;TSPOAP1"
"3721"	"mitochondrial inner membrane (GO:0005743)"	"32 of 341"	0.00115839436606611	0.0404150923271955	0	0	1.89044942929864	12.7808000216246	"MRPS17;LRRK2;MCUB;TAZ;MRPL32;UQCRH;MRPL33;MRPL55;MRPL20;SLC25A26;SLC25A29;PMPCB;PMPCA;MPV17;CHCHD1;DNAJC19;PTCD3;MRPS25;MRPS21;TIMM44;MRPS6;SLC8B1;CRLS1;TTC19;MRPL22;SLC25A37;SLC25A18;NDUFAF6;NDUFS5;NDUFAF5;TMEM126B;SMIM20"
"19"	"intraciliary retrograde transport (GO:0035721)"	"4 of 10"	0.00124236813463998	0.18890207487201	0	0	12.0374960279631	80.5397072379566	"DYNC2LI1;IFT43;IFT140;WDR19"
"20"	"protein prenylation (GO:0018342)"	"4 of 10"	0.00124236813463998	0.18890207487201	0	0	12.0374960279631	80.5397072379566	"PTAR1;FNTA;CHML;RABGGTB"
"3046"	"small protein activating enzyme activity (GO:0008641)"	"4 of 10"	0.00124236813463998	0.166725803668686	0	0	12.0374960279631	80.5397072379566	"UBA6;UBA3;NAE1;ATG7"
"21"	"positive regulation of cellular catabolic process (GO:0031331)"	"14 of 106"	0.00132384503889302	0.191705369679698	0	0	2.76153910532703	18.3013130185688	"PLEKHF1;PRKAA2;DAPK1;NPRL2;LRRK2;BNIP3;RDX;TWIST1;MSN;IRS2;PTTG1IP;IGF1;SNX9;PLIN5"
"22"	"histone H3 acetylation (GO:0043966)"	"8 of 43"	0.00160782013685852	0.222244592553944	0	0	4.1365960355434	26.6102092332757	"ING4;POLE4;TAF10;JADE1;MBIP;ELP3;MAP3K7;SUPT7L"
"23"	"retinal metabolic process (GO:0042574)"	"4 of 11"	0.0018712611169336	0.230025173181498	0	0	10.3173090017704	64.8044899275419	"ALDH1A3;RDH11;RDH10;AKR1C1"
"24"	"RNA modification (GO:0009451)"	"9 of 54"	0.00188024695646421	0.230025173181498	0	0	3.62107279693487	22.7271280377736	"QTRT1;CTU2;TYW5;NSUN5;NOP2;TRMT1;TRMT61A;TRIT1;ADAT2"
"25"	"tRNA methylation (GO:0030488)"	"6 of 26"	0.00194814396267894	0.230025173181498	0	0	5.42320916905444	33.8455877344524	"TRMT112;THUMPD2;TRMT1;THADA;TRMT61A;GTPBP3"
"26"	"mitochondrial translational elongation (GO:0070125)"	"12 of 87"	0.00196667362799045	0.230025173181498	0	0	2.90059558117195	18.0748051750267	"MRPS17;PTCD3;TSFM;MRPL20;MRPS25;MRPS21;CHCHD1;MRPS6;MRPL32;MRPL33;MRPL55;MRPL22"
"3047"	"transferase activity, transferring acyl groups other than amino-acyl groups (GO:0016747)"	"9 of 56"	0.00243871749300359	0.272729906300902	0	0	3.46661775495231	20.8561534509621	"CERS5;SOAT1;NAA10;MBOAT7;ZDHHC21;TAZ;ZDHHC1;ZDHHC17;ZDHHC14"
"27"	"protein ADP-ribosylation (GO:0006471)"	"5 of 19"	0.00250843488040952	0.253219279155975	0	0	6.45208560523446	38.6357097719145	"ARF4;PARP6;PARP4;SIRT6;PARP8"
"28"	"intraciliary transport (GO:0042073)"	"8 of 46"	0.00251703341933404	0.253219279155975	0	0	3.80941828254848	22.7981276381676	"DYNC2LI1;IFT20;IFT52;IFT43;IFT140;WDR19;ALPK3;HSPB11"
"29"	"regulation of fibroblast proliferation (GO:0048145)"	"8 of 46"	0.00251703341933404	0.253219279155975	0	0	3.80941828254848	22.7981276381676	"PDGFRA;CDK6;SPHK1;PDGFC;S100A6;PDGFA;CTNNB1;IGF1"
"3722"	"microtubule organizing center (GO:0005815)"	"42 of 507"	0.00254709943862512	0.0758385170325892	0	0	1.65117896684854	9.86216180299903	"CETN2;CRMP1;TPGS1;AAAS;DYNC2LI1;HAUS7;RNF19A;KIAA0753;MACROD2;ATP6V1D;BBS4;OFD1;SPECC1;RAP1GAP2;DYNC1H1;ARHGEF10;RPS7;IFT140;BOD1;CCDC14;ZNF12;HOOK3;WDR13;TTC19;CDC25B;IFT20;WRAP73;CDK6;IFT43;RILPL2;RILPL1;NME7;DDAH2;CDC16;CAPRIN2;CTNNB1;ALPK3;KIFC3;NIT2;OBSL1;CEP89;SDCCAG8"
"30"	"negative regulation of endoplasmic reticulum calcium ion concentration (GO:0032471)"	"3 of 6"	0.00258132116206354	0.253219279155975	0	0	18.0419047619048	107.519900288478	"BCAP31;FIS1;THADA"
"31"	"protein geranylgeranylation (GO:0018344)"	"3 of 6"	0.00258132116206354	0.253219279155975	0	0	18.0419047619048	107.519900288478	"FNTA;CHML;RABGGTB"
"3723"	"spliceosomal complex (GO:0005681)"	"14 of 114"	0.00265676333553656	0.0758385170325892	0	0	2.53953801732435	15.0611027320829	"ZRSR2;TXNL4B;SNRPN;BUD31;DCAF4;LSM8;SNRPD2;ZMAT5;DHX15;ZNF326;PPIH;SNRPA1;PRPF31;SNRPA"
"32"	"polyamine metabolic process (GO:0006595)"	"4 of 12"	0.00269061054537813	0.255692083390466	0	0	9.02716873212583	53.422668490619	"DHPS;SMS;SAT2;OAZ1"
"33"	"regulation of organelle assembly (GO:1902115)"	"8 of 47"	0.00289596609521799	0.266867663501755	0	0	3.71154459575512	21.6918867512716	"DYNC2LI1;IFT20;IFT140;NPRL2;STX18;RDX;MSN;ATG5"
"34"	"cell projection assembly (GO:0030031)"	"5 of 20"	0.0032012479449975	0.278142714306783	0	0	6.02162849872774	34.5895261116841	"PARVG;PDGFA;RHOU;PARVB;RHOQ"
"35"	"mitochondrial respiratory chain complex IV assembly (GO:0033617)"	"5 of 20"	0.0032012479449975	0.278142714306783	0	0	6.02162849872774	34.5895261116841	"COX19;COA1;SCO1;BCS1L;SMIM20"
"3048"	"alcohol dehydrogenase (NADP+) activity (GO:0008106)"	"5 of 20"	0.0032012479449975	0.306862481584761	0	0	6.02162849872774	34.5895261116841	"RDH11;AKR1C1;RDH10;AKR1E2;AKR1B1"
"36"	"gene expression (GO:0010467)"	"35 of 411"	0.00360790155428521	0.288916770907904	0	0	1.69811739748359	9.55128029569911	"MRPS17;SMARCD3;RPL32;EIF4A3;AKR1B1;AAAS;MRPL32;MRPL55;LMF1;RPS17;PABPN1;MAGOH;RPL14;DHX15;POLR2G;NUP43;POLR2H;RBM6;CPSF4;COA1;RPL21;RPS7;PABPC4;DHPS;MRPS21;RPSA;THOC5;SMARCA1;MRPS6;RRAGC;SARNP;NUP54;NUPL2;MRRF;RBMS2"
"37"	"nucleotide metabolic process (GO:0009117)"	"4 of 13"	0.00372574380281588	0.288916770907904	0	0	8.02372630018007	44.872599215078	"DCTD;PNKP;REXO2;FHIT"
"38"	"positive regulation of smoothened signaling pathway (GO:0045880)"	"4 of 13"	0.00372574380281588	0.288916770907904	0	0	8.02372630018007	44.872599215078	"EVC;STK36;RAB34;KIF7"
"39"	"histone acetylation (GO:0016573)"	"10 of 71"	0.00389557611075864	0.288916770907904	0	0	2.96842336890747	16.468556676537	"ING4;POLE4;MRGBP;TAF10;JADE1;MBIP;ELP3;DMAP1;MAP3K7;SUPT7L"
"40"	"GTP metabolic process (GO:0046039)"	"5 of 21"	0.00402184045182555	0.288916770907904	0	0	5.64497853053435	31.1377899594559	"IMPDH1;LRRK2;MBIP;AK3;RHOQ"
"41"	"establishment of endothelial barrier (GO:0061028)"	"5 of 21"	0.00402184045182555	0.288916770907904	0	0	5.64497853053435	31.1377899594559	"RAP2C;RAP1B;RDX;MSN;RAPGEF3"
"42"	"mitochondrial respiratory chain complex IV biogenesis (GO:0097034)"	"5 of 21"	0.00402184045182555	0.288916770907904	0	0	5.64497853053435	31.1377899594559	"COX19;COA1;SCO1;BCS1L;SMIM20"
"3724"	"U1 snRNP (GO:0005685)"	"5 of 21"	0.00402184045182555	0.0966924656925518	0	0	5.64497853053435	31.1377899594559	"PRPF39;SNRPN;SNRPD2;LUC7L;SNRPA"
"43"	"positive regulation of protein ubiquitination (GO:0031398)"	"11 of 83"	0.00408530784249913	0.288916770907904	0	0	2.76744775005332	15.221953909216	"KDM1A;DCUN1D5;RIPK2;LRRK2;SPHK1;DCUN1D3;DCUN1D4;DCUN1D2;PTTG1IP;BIRC2;UBE2L3"
"3725"	"focal adhesion (GO:0005925)"	"31 of 356"	0.0042948840703967	0.0966924656925518	0	0	1.73801595664609	9.47276175283075	"SCARB2;CD151;ARPC1B;ILK;SLC4A2;ALKBH6;ACTB;RPS17;FLRT2;CTNNA1;CAPN2;LPXN;SCARF2;TPM4;RPS7;CAV2;RDX;ANXA5;MSN;PARVB;REXO2;ENAH;PPFIBP1;PARVG;CTTN;TRIP6;ZYX;CTNNB1;VIM;CD46;FERMT2"
"3726"	"centrosome (GO:0005813)"	"38 of 461"	0.00431112904361696	0.0966924656925518	0	0	1.63950203216527	8.92963872873309	"CETN2;CRMP1;TPGS1;AAAS;DYNC2LI1;HAUS7;RNF19A;KIAA0753;MACROD2;ATP6V1D;BBS4;OFD1;RAP1GAP2;DYNC1H1;ARHGEF10;RPS7;IFT140;BOD1;CCDC14;ZNF12;HOOK3;TTC19;CDC25B;IFT20;WRAP73;CDK6;RILPL2;RILPL1;NME7;CDC16;CAPRIN2;CTNNB1;ALPK3;KIFC3;NIT2;OBSL1;CEP89;SDCCAG8"
"44"	"negative regulation of platelet-derived growth factor receptor-beta signaling pathway (GO:2000587)"	"3 of 7"	0.00434087846564005	0.290050395642083	0	0	13.5307142857143	73.602736129714	"PDGFRA;PDGFA;PTPN12"
"45"	"positive regulation of fatty acid beta-oxidation (GO:0032000)"	"3 of 7"	0.00434087846564005	0.290050395642083	0	0	13.5307142857143	73.602736129714	"TWIST1;IRS2;PLIN5"
"46"	"intraciliary transport involved in cilium assembly (GO:0035735)"	"7 of 40"	0.00445833825102342	0.290050395642083	0	0	3.8356219943218	20.762141966298	"DYNC2LI1;IFT20;IFT52;IFT43;IFT140;WDR19;HSPB11"
"47"	"protein modification process (GO:0036211)"	"11 of 84"	0.00448285715066685	0.290050395642083	0	0	2.72939289564326	14.7591775600652	"DUSP12;UBL5;PARP4;QPCT;UBA3;NEDD8;ST3GAL6;RABGGTB;ATG7;UBE2L3;PIGH"
"48"	"cellular response to organonitrogen compound (GO:0071417)"	"12 of 97"	0.00489726723155304	0.294087462124985	0	0	2.55799288014918	13.6061634925432	"RAP1B;P2RY11;RRAGC;CAPN2;CTNNA1;CTNNB1;NSMF;LAMTOR2;AHR;PKD2;ACTB;RAPGEF3"
"49"	"protein localization to organelle (GO:0033365)"	"12 of 97"	0.00489726723155304	0.294087462124985	0	0	2.55799288014918	13.6061634925432	"BBS2;IFT20;ARFRP1;IFT140;LRRK2;CNEP1R1;TSPAN17;OBSL1;ATP6V1D;BBS4;UBAC2;GET4"
"50"	"mitochondrial respiratory chain complex assembly (GO:0033108)"	"12 of 97"	0.00489726723155304	0.294087462124985	0	0	2.55799288014918	13.6061634925432	"COX19;COA1;SCO1;NDUFAF6;NDUFS5;NDUFAF5;SDHAF1;TMEM126B;BCS1L;TAZ;SMIM20;TTC19"
"51"	"cellular protein catabolic process (GO:0044257)"	"9 of 62"	0.00493208173902474	0.294087462124985	0	0	3.07319453480807	16.3247913004124	"CTSA;SCPEP1;CTSL;BNIP3;CAPN2;DENND3;TCIRG1;UBE2G2;ADAMTS7"
"52"	"spliceosomal complex assembly (GO:0000245)"	"7 of 41"	0.00513685305670211	0.300407118181367	0	0	3.72261275447081	19.6230630848595	"ZRSR2;GCFC2;TXNL4B;SNRPD2;LUC7L;SMN1;NOL3"
"53"	"regulation of autophagy (GO:0010506)"	"20 of 203"	0.00532513535516212	0.305542200283925	0	0	1.98519882140722	10.3931454336891	"CTSA;ATP6V0B;OSBPL7;TMEM150A;PLEKHF1;PRKAA2;DAPK1;NPRL2;LRRK2;BNIP3;DAPK3;WDR41;HMGB1;RRAGC;ATP6V1H;WDR6;LAMTOR2;ATP6V1D;SNX5;EXOC1"
"3727"	"lysosome (GO:0005764)"	"35 of 422"	0.00544951313835031	0.114076475029467	0	0	1.64887325302183	8.59430499778893	"SCARB2;PLEKHF1;RNF13;NPRL2;LRRK2;WDR41;TCIRG1;ABCC10;NAPG;TMEM165;SGSH;CLN5;CTSL;TLDC1;ATP6V1H;SLC26A11;ATP6V1D;CTSA;STARD3;TMEM150A;STARD3NL;STK11IP;ATP11A;MYO7A;MFSD12;GDAP2;CLCN7;GALC;CLCN6;RRAGC;GNB4;LAMTOR2;DAGLB;GLA;ENGASE"
"54"	"phagosome maturation (GO:0090382)"	"6 of 32"	0.00585956965150392	0.329980579818952	0	0	4.17037690103593	21.4343990657707	"ATP6V0B;RAB31;RAB34;ATP6V1H;TCIRG1;ATP6V1D"
"55"	"benzene-containing compound metabolic process (GO:0042537)"	"3 of 8"	0.00667489027849023	0.356111251524365	0	0	10.824	54.2217727954114	"AADAT;KYAT1;ACAA1"
"56"	"positive regulation of early endosome to late endosome transport (GO:2000643)"	"3 of 8"	0.00667489027849023	0.356111251524365	0	0	10.824	54.2217727954114	"MTMR2;RDX;MSN"
"57"	"negative regulation of hippo signaling (GO:0035331)"	"3 of 8"	0.00667489027849023	0.356111251524365	0	0	10.824	54.2217727954114	"WWC2;WTIP;MARK3"
"3049"	"rRNA methyltransferase activity (GO:0008649)"	"3 of 8"	0.00667489027849023	0.559856422108368	0	0	10.824	54.2217727954114	"TRMT112;EMG1;BUD23"
"58"	"Golgi to plasma membrane protein transport (GO:0043001)"	"5 of 24"	0.00737061471129674	0.386448954087127	0	0	4.75291281639213	23.3380099717137	"BBS2;MACF1;ARFRP1;RAB31;RAB34"
"59"	"regulation of cellular catabolic process (GO:0031329)"	"8 of 55"	0.00774994652306863	0.392793122944195	0	0	3.07848925990023	14.9616712529075	"OSBPL7;TMEM150A;RRAGC;DAPK1;LRRK2;DAPK3;WDR41;HMGB1"
"60"	"positive regulation of cysteine-type endopeptidase activity (GO:2001056)"	"8 of 55"	0.00774994652306863	0.392793122944195	0	0	3.07848925990023	14.9616712529075	"BCAP31;FIS1;ASPH;RIPK2;DAPK1;PDCD5;HMGB1;NKX3-1"
"61"	"regulation of macroautophagy (GO:0016241)"	"13 of 116"	0.0080377091386466	0.397208942285613	0	0	2.2868932038835	11.0310836014695	"ATP6V0B;PRKAA2;NPRL2;LRRK2;BNIP3;IFT20;RRAGC;ATP6V1H;LAMTOR2;MAP3K7;ATP6V1D;SNX5;EXOC1"
"62"	"ribonucleoprotein complex assembly (GO:0022618)"	"16 of 156"	0.00822378893189807	0.397208942285613	0	0	2.07268218762915	9.95037561062868	"ZRSR2;DYNC1H1;TXNL4B;PPAN-P2RY11;NOP2;MTERF4;RPSA;DICER1;NOL3;MRPL20;GCFC2;RPS17;SNRPD2;LUC7L;SMN1;GEMIN8"
"63"	"protein localization to microtubule organizing center (GO:1905508)"	"4 of 16"	0.00835954367191031	0.397208942285613	0	0	6.01684143628853	28.7866839783766	"CCDC14;KIAA0753;HOOK3;BBS4"
"64"	"peptidyl-lysine methylation (GO:0018022)"	"4 of 16"	0.00835954367191031	0.397208942285613	0	0	6.01684143628853	28.7866839783766	"SETD4;SETD6;ETFBKMT;EEF1AKMT1"
"65"	"respiratory chain complex IV assembly (GO:0008535)"	"5 of 25"	0.00882137943080789	0.412704843832105	0	0	4.5150286259542	21.3586906767653	"COX19;COA1;SCO1;BCS1L;SMIM20"
"66"	"translational elongation (GO:0006414)"	"12 of 105"	0.00915754235330571	0.421940701460646	0	0	2.33695887948932	10.9677626875392	"MRPS17;PTCD3;MRPL20;TSFM;MRPS25;MRPS21;CHCHD1;MRPS6;MRPL32;MRPL22;MRPL33;MRPL55"
"67"	"regulation of platelet-derived growth factor receptor-beta signaling pathway (GO:2000586)"	"3 of 9"	0.00962346397832519	0.424129767508506	0	0	9.01952380952381	41.8826187891032	"PDGFRA;PDGFA;PTPN12"
"68"	"protein modification by small protein conjugation or removal (GO:0070647)"	"3 of 9"	0.00962346397832519	0.424129767508506	0	0	9.01952380952381	41.8826187891032	"ZNF738;ZNF862;KRBOX4"
"69"	"tRNA wobble uridine modification (GO:0002098)"	"3 of 9"	0.00962346397832519	0.424129767508506	0	0	9.01952380952381	41.8826187891032	"CTU2;TRMU;GTPBP3"
"3050"	"RAGE receptor binding (GO:0050786)"	"3 of 9"	0.00962346397832519	0.653861730973915	0	0	9.01952380952381	41.8826187891032	"S100A13;HMGB1;S100B"
"70"	"positive regulation of cyclin-dependent protein kinase activity (GO:1904031)"	"5 of 26"	0.010457867952442	0.444042528344463	0	0	4.29980007270084	19.6088111313776	"CCND3;CCND2;CDK20;CCNL2;CCNL1"
"71"	"regulation of cellular protein catabolic process (GO:1903362)"	"4 of 17"	0.0104832878313096	0.444042528344463	0	0	5.55371416000587	25.3136787741006	"RIC1;RDX;MSN;PTTG1IP"
"72"	"protein acylation (GO:0043543)"	"6 of 36"	0.0105387155621616	0.444042528344463	0	0	3.61356255969437	16.4514648434658	"ING4;NAA10;ZDHHC21;ZDHHC1;ZDHHC17;ZDHHC14"
"73"	"apoptotic process (GO:0006915)"	"21 of 231"	0.0106593569776869	0.444042528344463	0	0	1.8156007751938	8.24521899804878	"NOTCH2;FIS1;DMPK;DAPK1;BNIP3;DAPK3;JADE1;TNFRSF10B;AHR;STK3;ING4;DUSP22;RRAGC;IRF3;CASP6;PLAGL1;CASP4;ERCC2;NAE1;MAP3K7;TLR2"
"3728"	"Golgi membrane (GO:0000139)"	"35 of 442"	0.0108250999278155	0.212442586083379	0	0	1.56615804945864	7.08825556808569	"NOTCH2;SCARB2;PDGFA;ZDHHC21;TMEM165;STX10;HS2ST1;AP4M1;CYTH3;ARFRP1;CHST11;CHST10;PDGFC;DSE;ARFIP2;SCAP;ST3GAL6;RHBDF1;RIC1;COG5;B3GAT3;CSGALNACT2;NMNAT2;GOLGA8N;ZDHHC17;POMGNT1;TNFRSF1A;PLEKHA8;IFT20;GOLGA8B;RAB31;B3GNT7;VPS45;SEC22B;BET1"
"74"	"protein complex assembly (GO:0006461)"	"18 of 189"	0.0110646492481738	0.451549990220996	0	0	1.90958555809814	8.60077336359942	"DPAGT1;TRAPPC3;TCF7L2;CAMK2D;COL16A1;TLE1;LRRK2;AKR1B1;NOL3;TNFRSF1A;TFG;DDIT3;CTNNB1;SEC22B;STX2;CNIH3;FERMT2;BET1"
"75"	"translation (GO:0006412)"	"21 of 232"	0.0111590479688438	0.451549990220996	0	0	1.80689959219663	8.12292548830101	"MRPS17;PTCD3;RWDD1;TSFM;COA1;RPL32;RPL21;RPS7;PABPC4;MTERF4;DHPS;MRPS21;RPSA;MRPS6;MRPL32;MRPL55;TRMT112;RPS17;MTRF1;RPL14;MRRF"
"76"	"establishment of protein localization to membrane (GO:0090150)"	"10 of 83"	0.0116768820410384	0.451549990220996	0	0	2.47888729823087	11.0314061452661	"BBS2;MACF1;ARFRP1;RAB31;RILPL2;RILPL1;RAB34;ZDHHC21;ZDHHC1;ZDHHC14"
"77"	"regulation of extrinsic apoptotic signaling pathway (GO:2001236)"	"8 of 59"	0.011745444117078	0.451549990220996	0	0	2.83643869030866	12.6059556766564	"TCF7L2;SP100;AKR1B1;TNFRSF10B;TRAF1;IGF1;LTBR;NOL3"
"78"	"regulation of cilium assembly (GO:1902017)"	"5 of 27"	0.0122904256874177	0.451549990220996	0	0	4.10413775156142	18.0538340473569	"DYNC2LI1;IFT20;IFT140;BBS4;ATG5"
"79"	"regulation of adherens junction organization (GO:1903391)"	"4 of 18"	0.0129267469631186	0.451549990220996	0	0	5.15674792319216	22.4238950886052	"MACF1;RDX;DAPK3;GPM6B"
"80"	"regulation of amyloid-beta formation (GO:1902003)"	"4 of 18"	0.0129267469631186	0.451549990220996	0	0	5.15674792319216	22.4238950886052	"PRNP;BIN1;GSAP;PICALM"
"81"	"protein localization to centrosome (GO:0071539)"	"4 of 18"	0.0129267469631186	0.451549990220996	0	0	5.15674792319216	22.4238950886052	"CCDC14;KIAA0753;HOOK3;BBS4"
"82"	"endoplasmic reticulum calcium ion homeostasis (GO:0032469)"	"4 of 18"	0.0129267469631186	0.451549990220996	0	0	5.15674792319216	22.4238950886052	"BCAP31;FIS1;CAMK2D;THADA"
"3051"	"1-acylglycerol-3-phosphate O-acyltransferase activity (GO:0003841)"	"4 of 18"	0.0129267469631186	0.653861730973915	0	0	5.15674792319216	22.4238950886052	"MBOAT7;TAZ;CRLS1;AGPAT4"
"3052"	"NAD+ ADP-ribosyltransferase activity (GO:0003950)"	"4 of 18"	0.0129267469631186	0.653861730973915	0	0	5.15674792319216	22.4238950886052	"PARP6;PARP4;SIRT6;PARP8"
"83"	"positive regulation of cytoplasmic transport (GO:1903651)"	"3 of 10"	0.0132153729462902	0.451549990220996	0	0	7.73061224489796	33.4455237621475	"MTMR2;RDX;MSN"
"84"	"hair cell differentiation (GO:0035315)"	"3 of 10"	0.0132153729462902	0.451549990220996	0	0	7.73061224489796	33.4455237621475	"WHRN;ERCC2;CTNNB1"
"85"	"Rap protein signal transduction (GO:0032486)"	"3 of 10"	0.0132153729462902	0.451549990220996	0	0	7.73061224489796	33.4455237621475	"RAP2C;RAP1B;RAPGEF3"
"86"	"regulation of fatty acid beta-oxidation (GO:0031998)"	"3 of 10"	0.0132153729462902	0.451549990220996	0	0	7.73061224489796	33.4455237621475	"TWIST1;IRS2;PLIN5"
"87"	"regulation of neuroblast proliferation (GO:1902692)"	"3 of 10"	0.0132153729462902	0.451549990220996	0	0	7.73061224489796	33.4455237621475	"SMARCD3;LRRK2;CTNNB1"
"88"	"endothelial tube morphogenesis (GO:0061154)"	"3 of 10"	0.0132153729462902	0.451549990220996	0	0	7.73061224489796	33.4455237621475	"STARD13;CTNNB1;RBPJ"
"89"	"regulation of lysosomal lumen pH (GO:0035751)"	"3 of 10"	0.0132153729462902	0.451549990220996	0	0	7.73061224489796	33.4455237621475	"LRRK2;CLN5;TMEM165"
"90"	"protein stabilization (GO:0050821)"	"15 of 152"	0.0143237315116878	0.483982972522697	0	0	1.98409349816463	8.42413871882409	"RPS7;P3H1;IGF1;NAPG;STK3;CCT6A;TBRG1;PRKRA;AAK1;DNLZ;CDC37L1;MDM4;ZSWIM7;SUGT1;PFN2"
"3053"	"RNA polymerase II repressing transcription factor binding (GO:0001103)"	"5 of 28"	0.0143288115731585	0.653861730973915	0	0	3.92548954530368	16.6655990267226	"BBS2;TCF7L2;DMAP1;RBPJ;BBS4"
"91"	"inositol lipid-mediated signaling (GO:0048017)"	"6 of 39"	0.0154532940193794	0.499740197135635	0	0	3.28453590344708	13.6962949596714	"PDGFRA;PIK3CD;IRS2;TNFAIP8L3;IGF1;EXOC1"
"92"	"Golgi to plasma membrane transport (GO:0006893)"	"6 of 39"	0.0154532940193794	0.499740197135635	0	0	3.28453590344708	13.6962949596714	"BBS2;MACF1;ARFRP1;RAB31;RAB34;EXOC1"
"93"	"protein import into mitochondrial matrix (GO:0030150)"	"4 of 19"	0.015704969818698	0.499740197135635	0	0	4.81271051795361	19.9909313959404	"DNAJC19;PAM16;DNLZ;TIMM44"
"94"	"endothelial cell development (GO:0001885)"	"4 of 19"	0.015704969818698	0.499740197135635	0	0	4.81271051795361	19.9909313959404	"RAP1B;RDX;MSN;RAPGEF3"
"95"	"mitochondrial calcium ion homeostasis (GO:0051560)"	"4 of 19"	0.015704969818698	0.499740197135635	0	0	4.81271051795361	19.9909313959404	"BCAP31;FIS1;MCUB;SLC8B1"
"3054"	"RNA polymerase binding (GO:0070063)"	"4 of 19"	0.015704969818698	0.653861730973915	0	0	4.81271051795361	19.9909313959404	"PABPN1;BIN1;TAF10;ARHGAP5"
"3729"	"small nuclear ribonucleoprotein complex (GO:0030532)"	"4 of 19"	0.015704969818698	0.290080030768892	0	0	4.81271051795361	19.9909313959404	"LSM10;SNRPN;SNRPD2;SNRPA1"
"96"	"organelle assembly (GO:0070925)"	"30 of 376"	0.015776079883269	0.499740197135635	0	0	1.57654297967555	6.54148738211841	"MIS12;WDR45;IFT52;STK36;HAUS7;NPHP3;ATG7;ATP6V1D;BBS4;ATG5;BBS2;OFD1;CENPT;DYNC1H1;MTERF4;WDR19;NEK7;SNF8;GOLGA8N;IFT20;GOLGA8B;IFT43;PACS2;RILPL2;TTLL3;RILPL1;TMEM138;CHMP2A;ALPK3;CEP89"
"97"	"negative regulation of cellular amide metabolic process (GO:0034249)"	"9 of 75"	0.0166934024323375	0.523346771100395	0	0	2.46617032392894	10.0933981278681	"CTSA;PRNP;DAPK1;BIN1;CNOT2;EIF4A3;DAPK3;SAMD4B;MALSU1"
"98"	"regulation of hippo signaling (GO:0035330)"	"3 of 11"	0.0174694259717626	0.525985389902278	0	0	6.76392857142857	27.375668489007	"WWC2;WTIP;MARK3"
"99"	"negative regulation of amyloid precursor protein catabolic process (GO:1902992)"	"3 of 11"	0.0174694259717626	0.525985389902278	0	0	6.76392857142857	27.375668489007	"PRNP;BIN1;PICALM"
"100"	"negative regulation of protein localization to cell surface (GO:2000009)"	"3 of 11"	0.0174694259717626	0.525985389902278	0	0	6.76392857142857	27.375668489007	"LEPROT;GPM6B;PICALM"
"101"	"positive regulation of fatty acid oxidation (GO:0046321)"	"3 of 11"	0.0174694259717626	0.525985389902278	0	0	6.76392857142857	27.375668489007	"TWIST1;IRS2;PLIN5"
"3730"	"beta-catenin-TCF complex (GO:1990907)"	"3 of 11"	0.0174694259717626	0.304744430840747	0	0	6.76392857142857	27.375668489007	"TCF7L2;TLE1;CTNNB1"
"102"	"cilium assembly (GO:0060271)"	"24 of 288"	0.0180366378383006	0.537739369277178	0	0	1.65058750773037	6.62768680387872	"BBS2;OFD1;DYNC1H1;IFT140;CETN2;WDR19;HSPB11;DYNC2LI1;IFT20;IFT52;IFT43;RILPL2;TTLL3;RILPL1;TMEM138;STK36;HAUS7;NPHP3;ALPK3;NINL;ATP6V1D;BBS4;CEP89;SDCCAG8"
"103"	"vacuolar acidification (GO:0007035)"	"4 of 20"	0.0188309067789105	0.549823520238377	0	0	4.51167778836988	17.9215381786507	"ATP6V0B;ATP6V1H;TCIRG1;CLN5"
"3055"	"lysophosphatidic acid acyltransferase activity (GO:0042171)"	"4 of 20"	0.0188309067789105	0.653861730973915	0	0	4.51167778836988	17.9215381786507	"MBOAT7;TAZ;CRLS1;AGPAT4"
"104"	"hippo signaling (GO:0035329)"	"5 of 30"	0.0190588399290256	0.549823520238377	0	0	3.61106870229008	14.3006418315717	"YAP1;MOB1B;DVL2;WTIP;STK3"
"105"	"positive regulation of cyclin-dependent protein serine/threonine kinase activity (GO:0045737)"	"5 of 30"	0.0190588399290256	0.549823520238377	0	0	3.61106870229008	14.3006418315717	"CCND3;CCND2;CCNL2;PKD2;CCNL1"
"106"	"positive regulation of sequence-specific DNA binding transcription factor activity (GO:0051091)"	"19 of 215"	0.0191651736748662	0.549823520238377	0	0	1.75792938064975	6.95201391527286	"OPRD1;TRIM52;KDM1A;RIPK2;RNF25;SPHK1;BUD31;AKR1B1;TRAF1;STK3;PIDD1;STK36;DDIT3;DVL2;CTNNB1;ROR1;TRIM27;MAP3K7;TLR2"
"3056"	"protein methyltransferase activity (GO:0008276)"	"6 of 41"	0.0194947408889744	0.653861730973915	0	0	3.09652067130577	12.1928924567796	"SETD4;TRMT112;PRMT1;SETD6;ETFBKMT;EEF1AKMT1"
"107"	"protein localization to plasma membrane (GO:0072659)"	"13 of 130"	0.0195980206490685	0.55132242956366	0	0	2.01175213675214	7.91086665146816	"BBS2;MACF1;PLEKHF1;TMEM150A;RDX;FAM126A;TNFRSF1A;ARFRP1;RAB31;PACS2;RILPL2;RILPL1;RAB34"
"108"	"protein glycosylation (GO:0006486)"	"13 of 130"	0.0195980206490685	0.55132242956366	0	0	2.01175213675214	7.91086665146816	"DPAGT1;POMT2;ARF4;PARP6;PARP4;ALG5;SIRT6;POMGNT1;PARP8;TMEM165;DPM1;B3GNT7;SDF2"
"3057"	"metalloendopeptidase activity (GO:0004222)"	"8 of 65"	0.0203205264154587	0.653861730973915	0	0	2.53706035423487	9.8847011021674	"MIPEP;ADAMTS3;BMP1;MMP28;PMPCB;PMPCA;TRABD2B;ADAMTS7"
"109"	"nuclear-transcribed mRNA catabolic process (GO:0000956)"	"16 of 174"	0.0215363362048845	0.55132242956366	0	0	1.83479608901041	7.04197255264859	"RPL32;RPL21;RPS7;EIF4A3;LSM1;SAMD4B;RPSA;UPF3A;LSM5;RPS17;PAN3;CNOT2;MAGOH;EXOSC8;RPL14;POLR2G"
"110"	"peptide biosynthetic process (GO:0043043)"	"16 of 174"	0.0215363362048845	0.55132242956366	0	0	1.83479608901041	7.04197255264859	"MRPS17;GGT7;COA1;RPL32;RPL21;RPS7;PABPC4;DHPS;MRPS21;RPSA;MRPS6;MRPL32;MRPL55;RPS17;RPL14;MRRF"
"3058"	"transferase activity, transferring pentosyl groups (GO:0016763)"	"6 of 42"	0.0217621961866793	0.653861730973915	0	0	3.01034702324101	11.5223468720568	"QTRT1;PARP6;MTAP;PARP4;SIRT6;PARP8"
"111"	"positive regulation of ubiquitin-protein transferase activity (GO:0051443)"	"5 of 31"	0.0217666000306861	0.55132242956366	0	0	3.47199794480329	13.2886506080118	"DCUN1D5;DCUN1D3;DCUN1D4;DCUN1D2;UBE2L3"
"112"	"regulation of ubiquitin-protein transferase activity (GO:0051438)"	"5 of 31"	0.0217666000306861	0.55132242956366	0	0	3.47199794480329	13.2886506080118	"DCUN1D5;DCUN1D3;DCUN1D4;DCUN1D2;UBE2L3"
"113"	"cofactor biosynthetic process (GO:0051188)"	"5 of 31"	0.0217666000306861	0.55132242956366	0	0	3.47199794480329	13.2886506080118	"PANK2;BDH2;PPCS;MBIP;HSCB"
"114"	"nucleobase-containing small molecule interconversion (GO:0015949)"	"5 of 31"	0.0217666000306861	0.55132242956366	0	0	3.47199794480329	13.2886506080118	"DCTD;NME7;NME2;AK3;CTPS1"
"115"	"transcription initiation from RNA polymerase II promoter (GO:0006367)"	"15 of 160"	0.0218465373225576	0.55132242956366	0	0	1.87382898146303	7.16498394563946	"NOTCH2;YAP1;TAF10;AKR1B1;RBPJ;MED27;GTF2F2;NR2C1;MED10;MED31;ERCC2;POLR2G;POLR2H;MNAT1;NR2C2AP"
"116"	"vesicle docking (GO:0048278)"	"4 of 21"	0.0223153996110137	0.55132242956366	0	0	4.24606067403129	16.1455534602466	"CAV2;STX2;STX1A;STX10"
"117"	"regulation of nuclear division (GO:0051783)"	"4 of 21"	0.0223153996110137	0.55132242956366	0	0	4.24606067403129	16.1455534602466	"CAV2;DAPK3;CDC16;OBSL1"
"118"	"mitochondrial calcium ion transmembrane transport (GO:0006851)"	"4 of 21"	0.0223153996110137	0.55132242956366	0	0	4.24606067403129	16.1455534602466	"MCUB;PMPCB;PMPCA;SLC8B1"
"3059"	"lysine N-methyltransferase activity (GO:0016278)"	"4 of 21"	0.0223153996110137	0.653861730973915	0	0	4.24606067403129	16.1455534602466	"SETD4;SETD6;ETFBKMT;EEF1AKMT1"
"119"	"mRNA export from nucleus (GO:0006406)"	"11 of 105"	0.0223240136904849	0.55132242956366	0	0	2.11727651406869	8.05008080054339	"CPSF4;PCID2;PABPN1;SARNP;EIF4A3;MAGOH;NUP54;NUP43;THOC5;AAAS;NUPL2"
"120"	"regulation of retrograde protein transport, ER to cytosol (GO:1904152)"	"3 of 12"	0.0223957090475175	0.55132242956366	0	0	6.01206349206349	22.83914322299	"BCAP31;UBE2G2;UBAC2"
"121"	"negative regulation of DNA damage response, signal transduction by p53 class mediator (GO:0043518)"	"3 of 12"	0.0223957090475175	0.55132242956366	0	0	6.01206349206349	22.83914322299	"KDM1A;TWIST1;PTTG1IP"
"3060"	"alditol:NADP+ 1-oxidoreductase activity (GO:0004032)"	"3 of 12"	0.0223957090475175	0.653861730973915	0	0	6.01206349206349	22.83914322299	"AKR1C1;AKR1E2;AKR1B1"
"3731"	"U4 snRNP (GO:0005687)"	"3 of 12"	0.0223957090475175	0.370118560048448	0	0	6.01206349206349	22.83914322299	"SNRPN;SNRPD2;PRPF31"
"122"	"cell morphogenesis involved in differentiation (GO:0000904)"	"7 of 54"	0.0224807567464301	0.55132242956366	0	0	2.69110288434156	10.212992692438	"RILPL2;PARVG;RILPL1;ILK;LAMB1;PARVB;FERMT2"
"123"	"protein targeting to mitochondrion (GO:0006626)"	"7 of 54"	0.0224807567464301	0.55132242956366	0	0	2.69110288434156	10.212992692438	"MIPEP;DNAJC19;FIS1;PAM16;DNLZ;PMPCA;TIMM44"
"124"	"membrane fusion (GO:0061025)"	"7 of 54"	0.0224807567464301	0.55132242956366	0	0	2.69110288434156	10.212992692438	"DNM3;FIS1;MIGA2;RABEP1;GCA;ATG7;NAPG"
"125"	"DNA-templated transcription, termination (GO:0006353)"	"11 of 106"	0.0237687065440757	0.573666103972691	0	0	2.09487827053238	7.83355725012657	"LSM10;CPSF4;PABPN1;SARNP;EIF4A3;MAGOH;ERCC2;SMN1;POLR2H;THOC5;MNAT1"
"3061"	"methyltransferase activity (GO:0008168)"	"8 of 67"	0.0239723666417578	0.653861730973915	0	0	2.45079879977293	9.14357128463311	"TRMT112;HEMK1;NSUN5;PRMT1;NOP2;BUD23;RRP8;EEF1AKMT1"
"3062"	"rRNA binding (GO:0019843)"	"6 of 43"	0.0242010395653909	0.653861730973915	0	0	2.92883141020677	10.899235147269	"PTCD3;EMG1;PPAN-P2RY11;MTERF4;GTF3A;MRPS6"
"3063"	"protein homodimerization activity (GO:0042803)"	"47 of 664"	0.024271193501885	0.653861730973915	0	0	1.38796072833663	5.16108350689044	"SP100;CAMK2D;LRRK2;RPE;PDGFA;ACCS;PKD2;GRB14;PDGFC;S100A13;CPNE1;SNX9;RAB11FIP2;ATG7;STARD3;PDGFRA;MIGA2;TYW5;TPM4;MMAA;STARD3NL;GCA;RIPK2;AADAT;CAV2;BNIP3;DAPK3;RDX;DNTTIP1;SETMAR;SNF8;S100B;SLC8B1;USF1;QTRT1;GNPTG;ALDH1A3;RABEP1;DMRTC1;IRF3;PRKRA;DDIT3;DPYD;CDH11;S100A6;KYAT1;GLA"
"126"	"transcription from RNA polymerase II promoter (GO:0006366)"	"36 of 485"	0.0242819198249283	0.573666103972691	0	0	1.45834400930288	5.42215692681145	"NOTCH2;YAP1;NFAT5;EIF4A3;INTS10;GLIS3;AKR1B1;AHR;RBPJ;NR2C1;LSM10;PABPN1;MED10;MED31;MAGOH;DVL2;POLR2G;NELFCD;POLR2H;RPRD1A;NR2C2AP;CPSF4;PCID2;LMO4;INTS3;TAF10;ELP3;MED27;THOC5;GTF2F2;USF1;IRF3;SARNP;DDIT3;ERCC2;MNAT1"
"127"	"NIK/NF-kappaB signaling (GO:0038061)"	"9 of 80"	0.0244755908191697	0.573666103972691	0	0	2.29188926663429	8.5030901265212	"PSMB4;PSMD5;UBA3;PSME2;TNFRSF10B;COPS8;MAP3K7;BIRC2;PSMA7"
"128"	"7-methylguanosine mRNA capping (GO:0006370)"	"5 of 32"	0.0247123510754431	0.573666103972691	0	0	3.34322872490811	12.371457811993	"ERCC2;POLR2G;POLR2H;MNAT1;GTF2F2"
"129"	"cellular response to amino acid stimulus (GO:0071230)"	"5 of 32"	0.0247123510754431	0.573666103972691	0	0	3.34322872490811	12.371457811993	"RRAGC;CAPN2;UBR2;NSMF;LAMTOR2"
"130"	"7-methylguanosine RNA capping (GO:0009452)"	"5 of 32"	0.0247123510754431	0.573666103972691	0	0	3.34322872490811	12.371457811993	"ERCC2;POLR2G;POLR2H;MNAT1;GTF2F2"
"131"	"substrate adhesion-dependent cell spreading (GO:0034446)"	"5 of 32"	0.0247123510754431	0.573666103972691	0	0	3.34322872490811	12.371457811993	"PARVG;ILK;LAMB1;PARVB;FERMT2"
"132"	"cellular response to organic cyclic compound (GO:0071407)"	"13 of 135"	0.0258547480307773	0.579309702050637	0	0	1.92879098360656	7.05023449551057	"P2RY11;MSN;AKR1B1;AHR;PKD2;ACTB;UBE2L3;RAP1B;CASP6;CTNNA1;CTNNB1;RAPGEF3;NKX3-1"
"133"	"regulation of calcium ion import (GO:0090279)"	"4 of 22"	0.0261671968942431	0.579309702050637	0	0	4.00995657239699	14.6092689876103	"PRNP;CTNNB1;TRIM27;PKD2"
"134"	"protein localization to cilium (GO:0061512)"	"4 of 22"	0.0261671968942431	0.579309702050637	0	0	4.00995657239699	14.6092689876103	"BBS2;IFT140;ATP6V1D;BBS4"
"135"	"negative regulation of cell cycle G1/S phase transition (GO:1902807)"	"4 of 22"	0.0261671968942431	0.579309702050637	0	0	4.00995657239699	14.6092689876103	"DCUN1D3;JADE1;ZNF655;PKD2"
"3064"	"phosphatidylinositol-4-phosphate binding (GO:0070273)"	"4 of 22"	0.0261671968942431	0.653861730973915	0	0	4.00995657239699	14.6092689876103	"PLEKHF1;SESTD1;ARFIP2;PLEKHA8"
"136"	"sensory perception of light stimulus (GO:0050953)"	"9 of 81"	0.0262971694352824	0.579309702050637	0	0	2.2599377394636	8.22231785373917	"BBS2;DNAJC19;COL18A1;WHRN;RDH10;MYO7A;KIFC3;RABGGTB;CRYZ"
"137"	"ribosomal small subunit biogenesis (GO:0042274)"	"6 of 44"	0.0268160002784492	0.579309702050637	0	0	2.85160609259539	10.3192682093418	"NOM1;EMG1;RPS17;UTP11;RPS7;RPSA"
"138"	"positive regulation of intracellular transport (GO:0032388)"	"6 of 44"	0.0268160002784492	0.579309702050637	0	0	2.85160609259539	10.3192682093418	"DYNC1H1;B3GAT3;CAPN10;RUFY3;STX18;OAZ1"
"139"	"regulation of intracellular pH (GO:0051453)"	"6 of 44"	0.0268160002784492	0.579309702050637	0	0	2.85160609259539	10.3192682093418	"SLC4A7;SLC9A5;LRRK2;SLC26A11;SLC4A2;TMEM165"
"140"	"positive regulation of viral process (GO:0048524)"	"6 of 44"	0.0268160002784492	0.579309702050637	0	0	2.85160609259539	10.3192682093418	"CAV2;POLR2G;ZNF502;NELFCD;POLR2H;GTF2F2"
"141"	"monocarboxylic acid metabolic process (GO:0032787)"	"11 of 108"	0.026860463002019	0.579309702050637	0	0	2.05146724182282	7.42036185356455	"SCARB2;LDHB;SCPEP1;ALDH1A3;PANK2;VNN1;AKR1C1;IGF1;ACAA1;ACACB;NIT2"
"3732"	"integral component of mitochondrial membrane (GO:0032592)"	"7 of 56"	0.0269138413339504	0.422547308943021	0	0	2.58098880087408	9.3305702370572	"FIS1;COA1;SCO1;DMPK;BNIP3;MCUB;SLC8B1"
"142"	"negative regulation of mitochondrion organization (GO:0010823)"	"5 of 33"	0.0279022336528691	0.583136951014764	0	0	3.22365730643402	11.5376259570875	"LRRK2;BNIP3;MPV17L;IGF1;NOL3"
"143"	"positive regulation of intrinsic apoptotic signaling pathway (GO:2001244)"	"5 of 33"	0.0279022336528691	0.583136951014764	0	0	3.22365730643402	11.5376259570875	"BCAP31;FIS1;RPS7;DDIT3;NKX3-1"
"144"	"cellular response to nitrogen starvation (GO:0006995)"	"3 of 13"	0.0279967099138953	0.583136951014764	0	0	5.41057142857143	19.3464086272494	"NPRL2;ATG7;ATG5"
"145"	"ER-associated misfolded protein catabolic process (GO:0071712)"	"3 of 13"	0.0279967099138953	0.583136951014764	0	0	5.41057142857143	19.3464086272494	"POMT2;SDF2;UGGT2"
"146"	"cellular response to nitrogen levels (GO:0043562)"	"3 of 13"	0.0279967099138953	0.583136951014764	0	0	5.41057142857143	19.3464086272494	"NPRL2;ATG7;ATG5"
"3065"	"platelet-derived growth factor receptor binding (GO:0005161)"	"3 of 13"	0.0279967099138953	0.653861730973915	0	0	5.41057142857143	19.3464086272494	"PDGFRA;PDGFC;PDGFA"
"147"	"positive regulation of cell cycle arrest (GO:0071158)"	"9 of 82"	0.0282124376286898	0.583632808359495	0	0	2.22886159659896	7.95256112054593	"PIDD1;UHRF2;PRMT1;PCBP4;PLAGL1;CNOT2;MDM4;PKD2;RRP8"
"148"	"positive regulation of cysteine-type endopeptidase activity involved in apoptotic process (GO:0043280)"	"11 of 109"	0.0285106093170009	0.585815965763511	0	0	2.03042618198911	7.22319851208749	"IFI27L1;BCAP31;MTCH1;FIS1;DAPK1;PDCD5;CASP4;TNFRSF10B;PDCD2;HMGB1;NKX3-1"
"149"	"positive regulation of cell death (GO:0010942)"	"7 of 57"	0.0293386486186951	0.594792202996346	0	0	2.52923518164436	8.92529047477054	"HEBP2;PRNP;RIPK2;LRRK2;BNIP3;NKX3-1;PICALM"
"150"	"regulation of neurogenesis (GO:0050767)"	"7 of 57"	0.0293386486186951	0.594792202996346	0	0	2.52923518164436	8.92529047477054	"YAP1;NUMBL;BIN1;LRRK2;CDK5RAP1;CTNNB1;HOOK3"
"151"	"calcium-mediated signaling (GO:0019722)"	"8 of 70"	0.0302758473726462	0.609727495763027	0	0	2.33184133353913	8.15539354086911	"BCAP31;FIS1;PRNP;P2RY11;DMPK;LRRK2;SPHK1;PLCG1"
"3066"	"endoribonuclease activity (GO:0004521)"	"4 of 23"	0.030392991015573	0.653861730973915	0	0	3.79870553409262	13.270942099593	"CPSF4;ENDOV;RNASEK;DICER1"
"3733"	"U5 snRNP (GO:0005682)"	"4 of 23"	0.030392991015573	0.447329848368195	0	0	3.79870553409262	13.270942099593	"SNRPN;TXNL4B;SNRPD2;DCAF4"
"152"	"regulation of double-strand break repair (GO:2000779)"	"5 of 34"	0.0313415817328035	0.627037829272733	0	0	3.11233219268228	10.7774137118984	"MRNIP;KDM1A;TWIST1;FIGN;SIRT6"
"3734"	"Cajal body (GO:0015030)"	"5 of 34"	0.0313415817328035	0.447329848368195	0	0	3.11233219268228	10.7774137118984	"LSM10;AK3;PRPF31;SMN1;HINFP"
"153"	"cellular macromolecule biosynthetic process (GO:0034645)"	"28 of 367"	0.0319335042306128	0.634704486047671	0	0	1.49945751492913	5.16428092391947	"MRPS17;SMARCD3;RPL32;AKR1B1;MRPL32;MRPL55;ING4;TBRG1;ORC4;RPS17;RPL14;POLR2G;POLR2H;TSFM;COA1;RPL21;RPS7;PABPC4;DHPS;MRPS21;RPSA;IGF1;SMARCA1;MRPS6;FAM111A;KIN;RRAGC;MRRF"
"154"	"regulation of mitotic cell cycle phase transition (GO:1901990)"	"16 of 184"	0.0339001935658669	0.637460232766021	0	0	1.72466363594618	5.83683873837489	"OFD1;DYNC1H1;CETN2;UBE2E1;PSMA7;PSMB4;CDK6;PSMD5;HAUS7;CDC16;ERCC2;PSME2;ANAPC4;NINL;TMEM14B;SDCCAG8"
"155"	"glycoside metabolic process (GO:0016137)"	"3 of 14"	0.0342683350243549	0.637460232766021	0	0	4.91844155844156	16.59252750455	"AKR1C1;AKR1B1;GLA"
"3067"	"CARD domain binding (GO:0050700)"	"3 of 14"	0.0342683350243549	0.653861730973915	0	0	4.91844155844156	16.59252750455	"RIPK2;CARD19;CASP4"
"3068"	"1-phosphatidylinositol binding (GO:0005545)"	"3 of 14"	0.0342683350243549	0.653861730973915	0	0	4.91844155844156	16.59252750455	"WDFY3;SNX9;PICALM"
"3069"	"poly(A) binding (GO:0008143)"	"3 of 14"	0.0342683350243549	0.653861730973915	0	0	4.91844155844156	16.59252750455	"PABPC4;EIF4A3;PPIE"
"3070"	"transaminase activity (GO:0008483)"	"3 of 14"	0.0342683350243549	0.653861730973915	0	0	4.91844155844156	16.59252750455	"AADAT;KYAT1;BCAT1"
"3735"	"mitochondrial respiratory chain complex III (GO:0005750)"	"3 of 14"	0.0342683350243549	0.467837269462932	0	0	4.91844155844156	16.59252750455	"PMPCB;BCS1L;UQCRH"
"156"	"negative regulation of G1/S transition of mitotic cell cycle (GO:2000134)"	"4 of 24"	0.0349974730742842	0.637460232766021	0	0	3.60857959961868	12.0976888358523	"DCUN1D3;JADE1;ZNF655;PKD2"
"3071"	"protein-cysteine S-palmitoyltransferase activity (GO:0019706)"	"4 of 24"	0.0349974730742842	0.653861730973915	0	0	3.60857959961868	12.0976888358523	"ZDHHC21;ZDHHC1;ZDHHC17;ZDHHC14"
"3072"	"mannosyltransferase activity (GO:0000030)"	"4 of 24"	0.0349974730742842	0.653861730973915	0	0	3.60857959961868	12.0976888358523	"POMT2;DPM1;DPY19L3;SDF2"
"3073"	"protein-cysteine S-acyltransferase activity (GO:0019707)"	"4 of 24"	0.0349974730742842	0.653861730973915	0	0	3.60857959961868	12.0976888358523	"ZDHHC21;ZDHHC1;ZDHHC17;ZDHHC14"
"3074"	"endodeoxyribonuclease activity (GO:0004520)"	"5 of 35"	0.0350349113727039	0.653861730973915	0	0	3.00842875318066	10.0824789503026	"RAD51B;ENDOV;ERCC1;SETMAR;BIVM-ERCC5"
"157"	"viral transcription (GO:0019083)"	"11 of 113"	0.0358404945637757	0.637460232766021	0	0	1.95038764066087	6.49221026943849	"RPS17;RPL32;RPL21;RPS7;RPL14;RPSA;NUP54;NUP43;AAAS;NUPL2;USF1"
"158"	"regulation of protein localization to early endosome (GO:1902965)"	"2 of 6"	0.0360549687720341	0.637460232766021	0	0	9.01189343482398	29.9439137945038	"RDX;MSN"
"159"	"negative regulation of membrane potential (GO:0045837)"	"2 of 6"	0.0360549687720341	0.637460232766021	0	0	9.01189343482398	29.9439137945038	"HEBP2;BNIP3"
"160"	"quaternary ammonium group transport (GO:0015697)"	"2 of 6"	0.0360549687720341	0.637460232766021	0	0	9.01189343482398	29.9439137945038	"SLC22A3;SLC25A29"
"161"	"negative regulation of chromosome organization (GO:2001251)"	"2 of 6"	0.0360549687720341	0.637460232766021	0	0	9.01189343482398	29.9439137945038	"ERCC1;SETMAR"
"162"	"protein localization to nuclear envelope (GO:0090435)"	"2 of 6"	0.0360549687720341	0.637460232766021	0	0	9.01189343482398	29.9439137945038	"NUP54;NUTF2"
"163"	"regulation of intrinsic apoptotic signaling pathway by p53 class mediator (GO:1902253)"	"2 of 6"	0.0360549687720341	0.637460232766021	0	0	9.01189343482398	29.9439137945038	"RPS7;PTTG1IP"
"164"	"determination of liver left/right asymmetry (GO:0071910)"	"2 of 6"	0.0360549687720341	0.637460232766021	0	0	9.01189343482398	29.9439137945038	"NPHP3;PKD2"
"165"	"positive regulation of protein localization to early endosome (GO:1902966)"	"2 of 6"	0.0360549687720341	0.637460232766021	0	0	9.01189343482398	29.9439137945038	"RDX;MSN"
"166"	"inner ear receptor cell development (GO:0060119)"	"2 of 6"	0.0360549687720341	0.637460232766021	0	0	9.01189343482398	29.9439137945038	"SLC4A7;WHRN"
"167"	"histone H4-K12 acetylation (GO:0043983)"	"2 of 6"	0.0360549687720341	0.637460232766021	0	0	9.01189343482398	29.9439137945038	"ING4;JADE1"
"168"	"spermine metabolic process (GO:0008215)"	"2 of 6"	0.0360549687720341	0.637460232766021	0	0	9.01189343482398	29.9439137945038	"SMS;SAT2"
"169"	"aromatic compound catabolic process (GO:0019439)"	"2 of 6"	0.0360549687720341	0.637460232766021	0	0	9.01189343482398	29.9439137945038	"PON2;ACAA1"
"170"	"positive regulation of protein localization to endosome (GO:1905668)"	"2 of 6"	0.0360549687720341	0.637460232766021	0	0	9.01189343482398	29.9439137945038	"RDX;MSN"
"171"	"aggrephagy (GO:0035973)"	"2 of 6"	0.0360549687720341	0.637460232766021	0	0	9.01189343482398	29.9439137945038	"WDFY3;ATG5"
"172"	"dendritic spine maintenance (GO:0097062)"	"2 of 6"	0.0360549687720341	0.637460232766021	0	0	9.01189343482398	29.9439137945038	"PRNP;MTMR2"
"3075"	"chromo shadow domain binding (GO:0070087)"	"2 of 6"	0.0360549687720341	0.653861730973915	0	0	9.01189343482398	29.9439137945038	"SP100;LBR"
"3076"	"coreceptor activity involved in Wnt signaling pathway, planar cell polarity pathway (GO:1904929)"	"2 of 6"	0.0360549687720341	0.653861730973915	0	0	9.01189343482398	29.9439137945038	"RYK;ROR1"
"3077"	"rRNA (guanine) methyltransferase activity (GO:0016435)"	"2 of 6"	0.0360549687720341	0.653861730973915	0	0	9.01189343482398	29.9439137945038	"TRMT112;BUD23"
"3078"	"ubiquitin-protein transferase inhibitor activity (GO:0055105)"	"2 of 6"	0.0360549687720341	0.653861730973915	0	0	9.01189343482398	29.9439137945038	"RPS7;GLMN"
"173"	"DNA-templated transcription, initiation (GO:0006352)"	"16 of 186"	0.0368937883281664	0.648520290785862	0	0	1.70419195643542	5.62334278545265	"NOTCH2;YAP1;TAF10;AKR1B1;RBPJ;MED27;GTF2F2;NAT14;NR2C1;MED10;MED31;ERCC2;POLR2G;POLR2H;MNAT1;NR2C2AP"
"174"	"transcription-coupled nucleotide-excision repair (GO:0006283)"	"8 of 73"	0.0376320323355869	0.657695461681149	0	0	2.22386455649614	7.29405261930243	"COPS6;ERCC1;ERCC2;PPIE;POLR2G;POLR2H;COPS8;MNAT1"
"3079"	"snRNA binding (GO:0017069)"	"5 of 36"	0.0389859155070082	0.675566859170499	0	0	2.91122876138882	9.44564136498317	"LSM10;LSM8;PRPF31;SNRPA1;SNRPA"
"3080"	"single-stranded DNA binding (GO:0003697)"	"9 of 87"	0.0392654359279425	0.675566859170499	0	0	2.085433244916	6.75140377613294	"RAD51B;ERCC1;SETMAR;POLR2G;HMGB1;POLR2H;BIVM-ERCC5;APTX;MLH3"
"175"	"positive regulation of glucose transport (GO:0010828)"	"4 of 25"	0.0399834024354263	0.658582269680827	0	0	3.43656089699941	11.0632890514997	"CAPN10;IRS2;IGF1;RHOQ"
"3736"	"centriolar satellite (GO:0034451)"	"4 of 25"	0.0399834024354263	0.523116181863494	0	0	3.43656089699941	11.0632890514997	"OFD1;CCDC14;KIAA0753;BBS4"
"176"	"positive regulation of cellular amide metabolic process (GO:0034250)"	"7 of 61"	0.0404973557786465	0.658582269680827	0	0	2.3413887118476	7.50770644598071	"EIF4A3;GSAP;UPF3A;VIM;TNFRSF1A;NSMAF;PICALM"
"177"	"selective autophagy (GO:0061912)"	"3 of 15"	0.0412008277795395	0.658582269680827	0	0	4.50833333333333	14.3784136643402	"WDFY3;LGALS8;ATG5"
"178"	"negative regulation of platelet-derived growth factor receptor signaling pathway (GO:0010642)"	"3 of 15"	0.0412008277795395	0.658582269680827	0	0	4.50833333333333	14.3784136643402	"PDGFRA;PDGFA;PTPN12"
"179"	"L-alpha-amino acid transmembrane transport (GO:1902475)"	"3 of 15"	0.0412008277795395	0.658582269680827	0	0	4.50833333333333	14.3784136643402	"SLC25A18;SLC25A29;SLC36A4"
"180"	"unsaturated fatty acid biosynthetic process (GO:0006636)"	"3 of 15"	0.0412008277795395	0.658582269680827	0	0	4.50833333333333	14.3784136643402	"FADS3;DECR2;FADS1"
"181"	"intracellular lipid transport (GO:0032365)"	"3 of 15"	0.0412008277795395	0.658582269680827	0	0	4.50833333333333	14.3784136643402	"PRKAA2;ACACB;PLEKHA8"
"182"	"dermatan sulfate proteoglycan biosynthetic process (GO:0050651)"	"3 of 15"	0.0412008277795395	0.658582269680827	0	0	4.50833333333333	14.3784136643402	"B3GAT3;CSGALNACT2;DSE"
"183"	"regulation of cell-substrate junction assembly (GO:0090109)"	"3 of 15"	0.0412008277795395	0.658582269680827	0	0	4.50833333333333	14.3784136643402	"MACF1;DAPK3;GPM6B"
"184"	"pyrimidine-containing compound metabolic process (GO:0072527)"	"3 of 15"	0.0412008277795395	0.658582269680827	0	0	4.50833333333333	14.3784136643402	"DCTD;UCKL1;SLC19A2"
"185"	"positive regulation of viral release from host cell (GO:1902188)"	"3 of 15"	0.0412008277795395	0.658582269680827	0	0	4.50833333333333	14.3784136643402	"CAV2;CHMP2A;ZNF502"
"186"	"negative regulation of signal transduction by p53 class mediator (GO:1901797)"	"3 of 15"	0.0412008277795395	0.658582269680827	0	0	4.50833333333333	14.3784136643402	"KDM1A;TWIST1;PTTG1IP"
"187"	"embryonic cranial skeleton morphogenesis (GO:0048701)"	"3 of 15"	0.0412008277795395	0.658582269680827	0	0	4.50833333333333	14.3784136643402	"PDGFRA;EIF4A3;TWIST1"
"188"	"cytoplasmic sequestering of protein (GO:0051220)"	"3 of 15"	0.0412008277795395	0.658582269680827	0	0	4.50833333333333	14.3784136643402	"NFKBIL1;PKD2;GET4"
"189"	"regulation of actin cytoskeleton organization (GO:0032956)"	"8 of 75"	0.0431507284632987	0.658582269680827	0	0	2.15725201742484	6.78036385261104	"PDGFRA;DAPK3;RDX;PDGFA;RHOU;RHOQ;RAPGEF3;GPM6B"
"190"	"phospholipid biosynthetic process (GO:0008654)"	"5 of 37"	0.0431974644886661	0.658582269680827	0	0	2.82010376908397	8.86069124723686	"DPAGT1;CPNE1;CRLS1;FADS1;AGPAT4"
"191"	"response to steroid hormone (GO:0048545)"	"5 of 37"	0.0431974644886661	0.658582269680827	0	0	2.82010376908397	8.86069124723686	"YAP1;PAQR6;AKR1B1;UBE2L3;NKX3-1"
"192"	"DNA metabolic process (GO:0006259)"	"24 of 314"	0.0436210414686579	0.658582269680827	0	0	1.50051271740223	4.69992940529266	"RPAIN;TCF7L2;SP100;PARP4;UHRF2;INTS3;PNKP;SETMAR;IGF1;HMGB1;RBPJ;HINFP;ING4;RAD51B;TBRG1;POLE4;FAM111A;KIN;ORC4;ENDOV;TATDN1;ERCC1;POLI;MNAT1"
"193"	"positive regulation of cell migration (GO:0030335)"	"18 of 221"	0.0444540250286627	0.658582269680827	0	0	1.60582565859927	4.99941665244649	"PDGFRA;DOCK5;CD151;SPHK1;RDX;PDGFA;PIK3CD;ELP3;LAMB1;IGF1;CCAR1;SYDE1;RUFY3;PDGFC;TRIP6;SPRY2;NSMF;PLCG1"
"194"	"positive regulation of glucose import (GO:0046326)"	"4 of 26"	0.0453516881277989	0.658582269680827	0	0	3.28018025825461	10.1466074363694	"CAPN10;IRS2;IGF1;RHOQ"
"195"	"positive regulation of protein phosphorylation (GO:0001934)"	"30 of 412"	0.0458639004610096	0.658582269680827	0	0	1.42520458767714	4.39259021396738	"OPRD1;LRRK2;PDGFA;ILK;HMGB1;CCND3;MRNIP;CCND2;PDGFC;DVL2;SNX9;CCNL2;CCNL1;NKX3-1;PDGFRA;PRNP;RIPK2;RYK;CAV2;SPHK1;TNFRSF10B;IGF1;TNFRSF1A;RAP2C;CAPRIN2;SPRY2;ROR1;LTBR;RAPGEF3;PFN2"
"196"	"transforming growth factor beta receptor signaling pathway (GO:0007179)"	"8 of 76"	0.0461001109845437	0.658582269680827	0	0	2.12541514213341	6.53977470060916	"DUSP22;EID2;FNTA;WFIKKN2;ZYX;NEDD8;MAP3K7;FERMT2"
"197"	"cellular protein modification process (GO:0006464)"	"65 of 1001"	0.0465331067679284	0.658582269680827	0	0	1.26595535312641	3.88343355935324	"POMT2;LRRK2;PIK3CD;ILK;STK19;WDR45;DCAF4;UBE2L3;UBL5;DUSP12;PTAR1;PSMD5;CDK20;SDF2;MACROD2;MAN2C1;WSB1;PARP4;DAPK1;FBXO17;ALG5;DAPK3;UBE2E1;P3H1;RABGGTB;POMGNT1;SUMF2;CDC25B;DUSP22;B3GNT7;PSME2;ALPK3;OBSL1;PIGH;MTMR2;CAMK2D;PRKAA2;PPM1M;DCUN1D3;NEDD8;PSMA7;KRBOX4;STK3;PSMB4;STK36;ST3GAL6;NAE1;CHML;ATG7;ZNF862;ATG5;MAP4K4;DMPK;NEK7;LAMB1;PTPN12;PTPN14;COPS6;CDK6;ZNF738;QPCT;AAK1;UBA3;COPS8;ENGASE"
"198"	"nuclear-transcribed mRNA catabolic process, deadenylation-dependent decay (GO:0000288)"	"7 of 63"	0.0469876165961565	0.658582269680827	0	0	2.25752868068834	6.9032319102633	"PAN3;CNOT2;EIF4A3;EXOSC8;LSM1;SAMD4B;LSM5"
"199"	"cilium organization (GO:0044782)"	"16 of 192"	0.0470188522630296	0.658582269680827	0	0	1.64556851056369	5.03084298647733	"BBS2;OFD1;WDR19;IFT20;IFT52;IFT43;RILPL2;TTLL3;TMEM138;STK36;RILPL1;NPHP3;ALPK3;ATP6V1D;BBS4;CEP89"
"3737"	"DNA-directed RNA polymerase II, holoenzyme (GO:0016591)"	"9 of 90"	0.0471434037508426	0.547028330076668	0	0	2.00787569178374	6.13317914023842	"MED10;TAF10;MED31;ERCC2;POLR2G;RPRD1A;POLR2H;MNAT1;GTF2F2"
"200"	"mitochondrion disassembly (GO:0061726)"	"5 of 38"	0.0476716117730067	0.658582269680827	0	0	2.73450150358547	8.32223437647663	"FIS1;BNIP3;WDR45;ATG7;ATG5"
"3081"	"divalent inorganic cation transmembrane transporter activity (GO:0072509)"	"5 of 38"	0.0476716117730067	0.74388884376668	0	0	2.73450150358547	8.32223437647663	"SLC30A7;ITPR2;SLC39A1;ZDHHC17;SLC39A4"
"201"	"coenzyme A biosynthetic process (GO:0015937)"	"2 of 7"	0.0487406287885035	0.658582269680827	0	0	7.20913415794481	21.7805412806047	"PANK2;PPCS"
"202"	"positive regulation of sphingolipid biosynthetic process (GO:0090154)"	"2 of 7"	0.0487406287885035	0.658582269680827	0	0	7.20913415794481	21.7805412806047	"TNFRSF1A;NSMAF"
"203"	"ribonucleoside bisphosphate biosynthetic process (GO:0034030)"	"2 of 7"	0.0487406287885035	0.658582269680827	0	0	7.20913415794481	21.7805412806047	"PANK2;PPCS"
"204"	"regulation of lymphocyte migration (GO:2000401)"	"2 of 7"	0.0487406287885035	0.658582269680827	0	0	7.20913415794481	21.7805412806047	"MSN;SLC8B1"
"205"	"tRNA 3'-end processing (GO:0042780)"	"2 of 7"	0.0487406287885035	0.658582269680827	0	0	7.20913415794481	21.7805412806047	"PTCD1;TRNT1"
"206"	"positive regulation of tumor necrosis factor-mediated signaling pathway (GO:1903265)"	"2 of 7"	0.0487406287885035	0.658582269680827	0	0	7.20913415794481	21.7805412806047	"CASP4;CPNE1"
"207"	"positive regulation of neuroblast proliferation (GO:0002052)"	"2 of 7"	0.0487406287885035	0.658582269680827	0	0	7.20913415794481	21.7805412806047	"SMARCD3;CTNNB1"
"208"	"auditory receptor cell differentiation (GO:0042491)"	"2 of 7"	0.0487406287885035	0.658582269680827	0	0	7.20913415794481	21.7805412806047	"SLC4A7;WHRN"
"209"	"positive regulation of ceramide biosynthetic process (GO:2000304)"	"2 of 7"	0.0487406287885035	0.658582269680827	0	0	7.20913415794481	21.7805412806047	"TNFRSF1A;NSMAF"
"210"	"xenobiotic catabolic process (GO:0042178)"	"2 of 7"	0.0487406287885035	0.658582269680827	0	0	7.20913415794481	21.7805412806047	"ACAA1;CRYZ"
"211"	"purine nucleoside bisphosphate biosynthetic process (GO:0034033)"	"2 of 7"	0.0487406287885035	0.658582269680827	0	0	7.20913415794481	21.7805412806047	"PANK2;PPCS"
"212"	"spermidine metabolic process (GO:0008216)"	"2 of 7"	0.0487406287885035	0.658582269680827	0	0	7.20913415794481	21.7805412806047	"DHPS;SAT2"
"213"	"chondroitin sulfate proteoglycan metabolic process (GO:0050654)"	"2 of 7"	0.0487406287885035	0.658582269680827	0	0	7.20913415794481	21.7805412806047	"B3GAT3;CSGALNACT2"
"3082"	"quaternary ammonium group transmembrane transporter activity (GO:0015651)"	"2 of 7"	0.0487406287885035	0.74388884376668	0	0	7.20913415794481	21.7805412806047	"SLC22A3;SLC25A29"
"3083"	"endodeoxyribonuclease activity, producing 5'-phosphomonoesters (GO:0016888)"	"2 of 7"	0.0487406287885035	0.74388884376668	0	0	7.20913415794481	21.7805412806047	"ENDOV;DICER1"
"3084"	"single-stranded DNA endodeoxyribonuclease activity (GO:0000014)"	"2 of 7"	0.0487406287885035	0.74388884376668	0	0	7.20913415794481	21.7805412806047	"ERCC1;SETMAR"
"3738"	"NURF complex (GO:0016589)"	"2 of 7"	0.0487406287885035	0.547028330076668	0	0	7.20913415794481	21.7805412806047	"SMARCA1;USF1"
"214"	"activation of NF-kappaB-inducing kinase activity (GO:0007250)"	"3 of 16"	0.0487795963125692	0.658582269680827	0	0	4.16131868131868	12.5690265554911	"TNFRSF10B;COPS8;MAP3K7"
"215"	"guanosine-containing compound metabolic process (GO:1901068)"	"3 of 16"	0.0487795963125692	0.658582269680827	0	0	4.16131868131868	12.5690265554911	"LRRK2;AK3;RHOQ"
"216"	"positive regulation of G1/S transition of mitotic cell cycle (GO:1900087)"	"3 of 16"	0.0487795963125692	0.658582269680827	0	0	4.16131868131868	12.5690265554911	"LSM10;CCND2;RDX"
"217"	"myoblast differentiation (GO:0045445)"	"3 of 16"	0.0487795963125692	0.658582269680827	0	0	4.16131868131868	12.5690265554911	"TCF7L2;IGF1;HINFP"
"218"	"positive regulation of DNA-templated transcription, initiation (GO:2000144)"	"3 of 16"	0.0487795963125692	0.658582269680827	0	0	4.16131868131868	12.5690265554911	"TWIST1;CTNNB1;GTF2F2"
"3085"	"proton-transporting ATPase activity, rotational mechanism (GO:0046961)"	"3 of 16"	0.0487795963125692	0.74388884376668	0	0	4.16131868131868	12.5690265554911	"ATP6V0B;ATP6V1H;TCIRG1"
"3739"	"vacuolar proton-transporting V-type ATPase complex (GO:0016471)"	"3 of 16"	0.0487795963125692	0.547028330076668	0	0	4.16131868131868	12.5690265554911	"ATP6V0B;ATP6V1H;TCIRG1"
"3740"	"90S preribosome (GO:0030686)"	"3 of 16"	0.0487795963125692	0.547028330076668	0	0	4.16131868131868	12.5690265554911	"CMSS1;RPS7;RPSA"
"219"	"positive regulation of I-kappaB kinase/NF-kappaB signaling (GO:0043123)"	"14 of 163"	0.0491387526815118	0.658582269680827	0	0	1.6999567214216	5.1221519987851	"RIPK2;SPHK1;TNFRSF10B;S100B;ZDHHC17;TNFRSF1A;TFG;S100A13;ROR1;LTBR;MAP3K7;CC2D1A;BIRC2;TLR2"
"220"	"negative regulation of ubiquitin protein ligase activity (GO:1904667)"	"8 of 77"	0.0491783201351306	0.658582269680827	0	0	2.09450107482144	6.30927061502661	"PSMB4;RPS7;PSMD5;CDC16;UBE2E1;ANAPC4;PSME2;PSMA7"
